etiqueta,tipo,valor_etiqueta,unidad,valor_dibujo,diferencia,distancia_m,capa,entidad,handle,x,y,estado,observacion
VD-35,AREA,8.14,M2,8.15,0.01,0.0,Vereda a demoler,poligono,4BFFB,549092.163,9074441.292,OK,
VD-36,AREA,9.95,M2,9.95,0.0,0.0,Vereda a demoler,poligono,4BFFC,549095.693,9074437.722,OK,
VD-37,AREA,10.5,M2,10.51,0.01,0.0,Vereda a demoler,poligono,4BFFD,549101.494,9074433.919,OK,
VD-01,AREA,54.24,M2,29.56,-24.68,0.0,Vereda a demoler,poligono,4C068,549087.216,9074475.426,REVISAR VALOR,Entidad compartida con otra etiqueta
VD-02,AREA,21.99,M2,29.56,7.57,0.0,Vereda a demoler,poligono,4C068,549087.216,9074475.426,REVISAR VALOR,Entidad compartida con otra etiqueta
VD-03,AREA,21.26,M2,21.26,0.0,0.0,Vereda a demoler,poligono,4C069,549082.261,9074467.511,OK,
VD-04,AREA,27.28,M2,27.29,0.01,0.0,Vereda a demoler,poligono,4C06B,549078.642,9074461.07,OK,
VD-05,AREA,27.76,M2,27.76,0.0,0.0,Vereda a demoler,poligono,4C06C,549074.319,9074452.706,OK,
VD-06,AREA,31.12,M2,31.12,-0.0,0.0,Vereda a demoler,poligono,4C06D,549068.969,9074445.041,OK,
VD-07,AREA,15.23,M2,15.24,0.01,0.0,Vereda a demoler,poligono,4C06E,549058.591,9074427.742,OK,
VD-08,AREA,18.97,M2,15.24,-3.73,0.0,Vereda a demoler,poligono,4C06E,549056.284,9074425.14,REVISAR VALOR,Entidad compartida con otra etiqueta
VD-09,AREA,11.89,M2,11.9,0.01,0.0,Vereda a demoler,poligono,4C070,549048.615,9074409.057,OK,
VD-10,AREA,26.21,M2,29.21,3.0,0.0,Vereda a demoler,poligono,4C071,549046.216,9074398.533,REVISAR VALOR,
VD-11,AREA,30.58,M2,30.69,0.11,0.0,Vereda a demoler,poligono,4C073,549042.637,9074389.092,OK,
VD-12,AREA,32.95,M2,32.96,0.01,0.0,Vereda a demoler,poligono,4C075,549039.24,9074380.848,OK,
VD-13,AREA,37.18,M2,37.19,0.01,0.0,Vereda a demoler,poligono,4C077,549036.125,9074370.747,OK,
VD-14,AREA,22.69,M2,22.69,-0.0,0.0,Vereda a demoler,poligono,4C078,549031.986,9074361.662,OK,
VD-15,AREA,4.25,M2,4.25,0.0,0.0,Vereda a demoler,poligono,4C079,549026.38,9074351.35,OK,
VD-16,AREA,30.64,M2,30.64,-0.0,0.0,Vereda a demoler,poligono,4BFF8,549101.852,9074475.624,OK,
VD-17,AREA,43.66,M2,43.67,0.01,0.0,Vereda a demoler,poligono,4BFF9,549092.617,9074460.023,OK,
VD-18,AREA,31.5,M2,31.51,0.01,0.0,Vereda a demoler,poligono,4BFC5,549075.473,9074430.583,OK,
VD-19,AREA,9.87,M2,9.59,-0.28,0.0,Vereda a demoler,poligono,4BFC7,549059.611,9074403.782,REVISAR VALOR,
VD-20,AREA,15.95,M2,15.95,0.0,0.0,Vereda a demoler,poligono,4BFC8,549054.824,9074390.035,OK,
VD-21,AREA,12.5,M2,12.51,0.01,0.0,Vereda a demoler,poligono,4BFC9,549051.31,9074380.396,OK,
VD-22,AREA,16.34,M2,16.34,0.0,0.0,Vereda a demoler,poligono,4BFCA,549047.696,9074370.483,OK,
VD-23,AREA,16.6,M2,16.6,0.0,0.0,Vereda a demoler,poligono,4BFCB,549043.859,9074359.98,OK,
VD-24,AREA,29.82,M2,29.82,0.0,0.0,Vereda a demoler,poligono,4BFCC,549040.742,9074350.269,OK,
VD-25,AREA,64.9,M2,64.58,-0.32,0.0,Vereda a demoler,poligono,4C053,549033.505,9074330.03,OK,
VD-26,AREA,14.65,M2,14.65,0.0,0.0,Vereda a demoler,poligono,4C054,549029.019,9074315.484,OK,
VD-27,AREA,14.45,M2,14.46,0.01,0.0,Vereda a demoler,poligono,4C056,549025.827,9074306.862,OK,
VD-28,AREA,13.82,M2,13.83,0.01,0.0,Vereda a demoler,poligono,4C05B,549022.3,9074297.349,OK,
VD-29,AREA,17.16,M2,17.16,0.0,0.0,Vereda a demoler,poligono,4C057,549016.361,9074285.157,OK,
VD-30,AREA,19.18,M2,19.18,-0.0,0.0,Vereda a demoler,poligono,4C058,549012.23,9074277.472,OK,
VD-31,AREA,37.81,M2,37.81,0.0,0.0,Vereda a demoler,poligono,4C059,549004.211,9074259.698,OK,
VD-32,AREA,19.53,M2,19.54,0.01,0.0,Vereda a demoler,poligono,4BFCD,549054.284,9074337.975,OK,
VD-33,AREA,36.68,M2,36.69,0.01,0.0,Vereda a demoler,poligono,4BFCE,549068.316,9074334.612,OK,
VD-34,AREA,16.96,M2,16.97,0.01,0.0,Vereda a demoler,poligono,4BFFA,549084.744,9074443.114,OK,
VD-38,AREA,41.47,M2,41.47,-0.0,0.0,Vereda a demoler,poligono,4BFFE,549110.483,9074428.78,OK,
VD-39,AREA,16.26,M2,16.26,-0.0,0.0,Vereda a demoler,poligono,4C000,549120.704,9074445.232,OK,
VD-40,AREA,7.27,M2,7.28,0.01,0.0,Vereda a demoler,poligono,4BFFF,549115.381,9074435.555,OK,
VD-41,AREA,9.01,M2,9.02,0.01,0.0,Vereda a demoler,poligono,4EF9B,549103.145,9074414.95,OK,
VD-42,AREA,14.99,M2,14.99,0.0,0.0,Vereda a demoler,poligono,4BFD2,549096.158,9074403.973,OK,
VD-43,AREA,6.62,M2,6.62,0.0,0.0,Vereda a demoler,poligono,4BFD1,549092.63,9074398.028,OK,
VD-44,AREA,14.78,M2,14.78,0.0,0.0,Vereda a demoler,poligono,4BFD0,549085.373,9074379.947,OK,
VD-45,AREA,14.76,M2,14.76,0.0,0.0,Vereda a demoler,poligono,4BFCF,549080.463,9074367.823,OK,
VD-46,AREA,47.25,M2,51.12,3.87,0.0,Vereda a demoler,poligono,4DE4C,549112.464,9074405.252,REVISAR VALOR,Entidad compartida con otra etiqueta
VD-47,AREA,3.84,M2,51.12,47.28,0.0,Vereda a demoler,poligono,4DE4C,549113.836,9074412.849,REVISAR VALOR,Entidad compartida con otra etiqueta
VD-48,AREA,51.89,M2,51.65,-0.24,0.0,Vereda a demoler,poligono,4BF69,549101.041,9074383.485,OK,
VD-49,AREA,71.84,M2,71.84,-0.0,0.0,Vereda a demoler,poligono,4BF68,549086.558,9074346.746,OK,
VD-50,AREA,4.85,M2,4.85,0.0,0.0,Vereda a demoler,poligono,4C001,549125.128,9074448.836,OK,
VD-51,AREA,3.42,M2,3.42,-0.0,0.0,Vereda a demoler,poligono,4C002,549127.24,9074448.223,OK,
VD-52,AREA,12.43,M2,12.43,0.0,0.0,Vereda a demoler,poligono,4C003,549131.135,9074446.116,OK,
VD-53,AREA,14.99,M2,15.0,0.01,0.0,Vereda a demoler,poligono,4C004,549137.994,9074443.624,OK,
VD-54,AREA,4.15,M2,4.15,0.0,0.0,Vereda a demoler,poligono,4C005,549149.154,9074439.514,OK,
VD-55,AREA,4.35,M2,4.35,0.0,0.0,Vereda a demoler,poligono,4C006,549154.913,9074437.909,OK,
VD-56,AREA,5.79,M2,5.79,0.0,0.0,Vereda a demoler,poligono,4C007,549161.828,9074435.655,OK,
VD-57,AREA,27.17,M2,27.17,-0.0,0.0,Vereda a demoler,poligono,4C008,549168.315,9074433.211,OK,
VD-58,AREA,22.95,M2,22.95,-0.0,0.0,Vereda a demoler,poligono,4C009,549179.288,9074428.503,OK,
VD-59,AREA,36.07,M2,36.07,0.0,0.0,Vereda a demoler,poligono,4C00A,549191.412,9074425.579,OK,
VD-60,AREA,62.58,M2,62.58,0.0,0.0,Vereda a demoler,poligono,4DE4B,549156.7,9074424.103,OK,
VD-61,AREA,82.48,M2,82.49,0.01,0.0,Vereda a demoler,poligono,4DFFF,549144.294,9074381.369,OK,
VD-62,AREA,60.85,M2,60.85,-0.0,0.0,Vereda a demoler,poligono,4BF9F,549184.93,9074365.476,OK,
VD-63,AREA,9.2,M2,9.2,0.0,0.0,Vereda a demoler,poligono,4BFA0,549196.899,9074362.921,OK,
VD-64,AREA,11.37,M2,11.37,0.0,0.0,Vereda a demoler,poligono,4BFA1,549202.541,9074360.167,OK,
VD-65,AREA,39.0,M2,39.0,0.0,0.0,Vereda a demoler,poligono,4BF98,549212.554,9074358.114,OK,
VD-66,AREA,10.53,M2,10.53,-0.0,0.0,Vereda a demoler,poligono,4BF6A,549118.16,9074378.063,OK,
VD-67,AREA,23.48,M2,23.49,0.01,0.0,Vereda a demoler,poligono,4BF6B,549127.133,9074375.148,OK,
VD-68,AREA,24.02,M2,24.02,-0.0,0.0,Vereda a demoler,poligono,4BF6C,549138.577,9074369.429,OK,
VD-69,AREA,24.75,M2,153.69,128.94,6.37,Vereda a demoler,poligono,4BF3E,549151.715,9074365.375,SIN GEOMETRIA CERCA,Entidad compartida con otra etiqueta
VD-70,AREA,153.68,M2,153.69,0.01,0.0,Vereda a demoler,poligono,4BF3E,549186.623,9074349.321,OK,
VD-71,AREA,31.33,M2,31.25,-0.08,0.0,Vereda a demoler,poligono,4BF2F,549198.32,9074339.151,OK,
VD-72,AREA,4.62,M2,4.62,-0.0,0.0,Vereda a demoler,poligono,4BF2E,549211.346,9074344.353,OK,
VD-73,AREA,5.54,M2,5.54,-0.0,0.0,Vereda a demoler,poligono,4BF2D,549214.223,9074342.704,OK,
VD-74,AREA,26.04,M2,26.04,-0.0,0.0,Vereda a demoler,poligono,4BF2C,549221.422,9074340.307,OK,
VD-75,AREA,21.71,M2,21.71,0.0,0.0,Vereda a demoler,poligono,4BF65,549108.676,9074337.188,OK,
VD-76,AREA,30.5,M2,30.51,0.01,0.0,Vereda a demoler,poligono,4BF64,549124.037,9074332.12,OK,
VD-77,AREA,52.84,M2,52.84,-0.0,0.0,Vereda a demoler,poligono,4BF63,549140.337,9074325.737,OK,
VD-78,AREA,59.09,M2,59.09,0.0,0.0,Vereda a demoler,poligono,4BDBB,549105.655,9074324.809,OK,
VD-79,AREA,32.44,M2,32.44,-0.0,0.0,Vereda a demoler,poligono,4C00D,549201.383,9074445.325,OK,
VD-80,AREA,12.62,M2,12.62,-0.0,0.0,Vereda a demoler,poligono,4C00C,549199.106,9074439.461,OK,
VD-81,AREA,16.83,M2,16.83,-0.0,0.0,Vereda a demoler,poligono,4C00B,549197.279,9074432.412,OK,
VD-82,AREA,44.35,M2,44.42,0.07,0.0,Vereda a demoler,poligono,4DE63,549179.817,9074394.86,OK,
VD-83,AREA,23.22,M2,23.21,-0.01,0.0,Vereda a demoler,poligono,4BF99,549217.451,9074447.273,OK,
VD-84,AREA,41.91,M2,41.91,0.0,0.0,Vereda a demoler,poligono,4BF9A,549209.078,9074427.688,OK,
VD-85,AREA,16.87,M2,16.87,0.0,0.0,Vereda a demoler,poligono,4BF9B,549200.789,9074408.942,OK,
VD-86,AREA,35.63,M2,35.63,-0.0,0.0,Vereda a demoler,poligono,4BF9C,549196.206,9074399.29,OK,
VD-87,AREA,17.39,M2,35.63,18.24,2.79,Vereda a demoler,poligono,4BF9C,549192.537,9074390.867,SIN GEOMETRIA CERCA,Entidad compartida con otra etiqueta
VD-88,AREA,12.07,M2,12.07,0.0,0.0,Vereda a demoler,poligono,4BF9E,549188.824,9074380.392,OK,
VD-89,AREA,18.14,M2,18.14,-0.0,0.0,Vereda a demoler,poligono,4BF30,549194.949,9074331.447,OK,
VD-90,AREA,3.57,M2,3.57,-0.0,0.0,Vereda a demoler,poligono,4BF31,549191.711,9074331.487,OK,
VD-91,AREA,33.92,M2,18.14,-15.78,2.18,Vereda a demoler,poligono,4BF30,549188.674,9074323.209,SIN GEOMETRIA CERCA,Entidad compartida con otra etiqueta
VD-92,AREA,39.34,M2,39.34,-0.0,0.0,Vereda a demoler,poligono,4BF38,549182.972,9074309.194,OK,
VD-93,AREA,15.39,M2,15.39,0.0,0.0,Vereda a demoler,poligono,4BF36,549180.4,9074299.067,OK,
VD-94,AREA,5.84,M2,5.83,-0.01,0.0,Vereda a demoler,poligono,4BF37,549179.42,9074300.126,OK,
VD-95,AREA,4.05,M2,4.05,0.0,0.0,Vereda a demoler,poligono,4BF35,549174.889,9074290.598,OK,
VD-96,AREA,17.03,M2,17.03,0.0,0.0,Vereda a demoler,poligono,4BF34,549175.364,9074288.591,OK,
VD-97,AREA,16.95,M2,16.95,0.0,0.0,Vereda a demoler,poligono,4BF19,549169.292,9074275.374,OK,
VD-99,AREA,1.73,M2,1.73,-0.0,0.0,Vereda a demoler,poligono,4BF1B,549167.15,9074278.873,OK,
VD-98,AREA,1.74,M2,1.74,0.0,0.0,Vereda a demoler,poligono,4BF1A,549167.753,9074280.265,OK,
VD-100,AREA,10.0,M2,7.15,-2.85,0.0,Vereda a demoler,poligono,4BF17,549163.371,9074261.01,REVISAR VALOR,Entidad compartida con otra etiqueta
VD-101,AREA,7.15,M2,7.15,-0.0,0.0,Vereda a demoler,poligono,4BF17,549163.371,9074261.01,OK,
VD-102,AREA,15.05,M2,7.15,-7.9,1.79,Vereda a demoler,poligono,4BF17,549161.49,9074256.907,REVISAR VALOR,Entidad compartida con otra etiqueta
VD-103,AREA,5.85,M2,5.85,-0.0,0.0,Vereda a demoler,poligono,4BF12,549159.931,9074254.33,OK,
VD-104,AREA,12.55,M2,12.36,-0.19,1.57,Vereda a demoler,poligono,4BF14,549157.338,9074244.108,OK,
VD-105,AREA,21.66,M2,21.66,0.0,0.0,Vereda a demoler,poligono,4C052,549063.437,9074316.437,OK,
VD-106,AREA,41.42,M2,41.42,0.0,0.0,Vereda a demoler,poligono,4C04E,549058.237,9074301.663,OK,
MT-01,AREA,15.06,M2,15.05,-0.01,0.0,Martillo a demoler,achurado,50D2F,549130.253,9074433.123,OK,
MT-02,AREA,15.95,M2,15.93,-0.02,0.0,Martillo a demoler,achurado,50D7E,549185.856,9074412.482,OK,
MT-03,AREA,15.37,M2,15.36,-0.01,0.0,Martillo a demoler,achurado,50F05,549169.857,9074373.704,OK,
MT-04,AREA,18.51,M2,18.49,-0.02,0.0,Martillo a demoler,achurado,50F2E,549108.117,9074395.592,OK,
CL-01,LONG,29.44,M,29.44,-0.0,0.0,LINEA CORTE,polilinea,4D918,549089.489,9074483.7,OK,
CL-02,LONG,9.64,M,29.44,19.8,2.12,LINEA CORTE,polilinea,4D918,549087.216,9074475.426,SIN GEOMETRIA CERCA,Entidad compartida con otra etiqueta
CL-03,LONG,9.37,M,9.37,0.0,0.0,LINEA CORTE,linea,4D934,549075.491,9074459.332,OK,
CL-04,LONG,10.0,M,10.07,0.07,1.64,LINEA CORTE,linea,4D939,549068.969,9074445.041,OK,
CL-05,LONG,10.07,M,10.07,0.0,0.3,LINEA CORTE,linea,4D939,549065.883,9074442.187,OK,
CL-06,LONG,10.07,M,10.08,0.01,0.82,LINEA CORTE,polilinea,4D938,549058.591,9074427.742,OK,
CL-07,LONG,10.54,M,10.54,0.0,0.05,LINEA CORTE,linea,4D96E,549051.809,9074416.614,OK,
CL-08,LONG,10.04,M,10.04,-0.0,0.48,LINEA CORTE,linea,4D96F,549048.615,9074409.057,OK,
CL-09,LONG,10.24,M,10.24,0.0,0.0,LINEA CORTE,linea,4D970,549043.57,9074397.475,OK,
CL-10,LONG,10.74,M,10.74,-0.0,0.09,LINEA CORTE,polilinea,4D98B,549040.006,9074389.048,OK,
CL-11,LONG,9.93,M,9.93,0.0,0.02,LINEA CORTE,linea,4D9A6,549036.21,9074378.203,OK,
CL-12,LONG,10.16,M,10.16,0.0,0.01,LINEA CORTE,linea,4D9A7,549032.137,9074368.051,OK,
CL-13,LONG,10.12,M,10.12,-0.0,0.03,LINEA CORTE,linea,4D9A8,549028.867,9074358.482,OK,
CL-14,LONG,3.9,M,3.9,0.0,0.03,LINEA CORTE,linea,4D9A9,549025.515,9074348.732,OK,
CL-15,LONG,21.53,M,21.51,-0.02,1.2,LINEA CORTE,linea,4D9DE,549101.852,9074475.624,OK,
CL-16,LONG,26.33,M,26.32,-0.01,1.19,LINEA CORTE,linea,4D9DF,549092.617,9074460.023,OK,
CL-17,LONG,10.16,M,10.16,0.0,0.0,LINEA CORTE,linea,4D9E0,549074.368,9074427.255,OK,
CL-18,LONG,9.85,M,9.85,0.0,0.0,LINEA CORTE,linea,4D9E1,549069.946,9074419.737,OK,
CL-19,LONG,9.85,M,6.0,-3.85,0.01,LINEA CORTE,linea,4D9E2,549060.433,9074402.544,REVISAR VALOR,
CL-20,LONG,9.94,M,9.94,-0.0,1.1,LINEA CORTE,linea,4D9E3,549054.824,9074390.035,OK,
CL-21,LONG,10.05,M,10.05,0.0,1.2,LINEA CORTE,linea,4D9FE,549051.31,9074380.396,OK,
CL-22,LONG,10.1,M,10.11,0.01,1.3,LINEA CORTE,linea,4D9FF,549047.696,9074370.483,OK,
CL-23,LONG,9.84,M,9.83,-0.01,1.41,LINEA CORTE,linea,4DA00,549043.859,9074359.98,OK,
CL-24,LONG,12.21,M,12.21,0.0,1.11,LINEA CORTE,linea,4DA01,549040.742,9074350.269,OK,
CL-25,LONG,9.89,M,9.89,-0.0,0.0,LINEA CORTE,linea,4DA02,549032.561,9074323.748,OK,
CL-26,LONG,10.0,M,10.0,-0.0,0.0,LINEA CORTE,linea,4DA1D,549029.566,9074315.179,OK,
CL-27,LONG,9.83,M,9.83,-0.0,0.0,LINEA CORTE,linea,4DA1E,549026.867,9074307.457,OK,
CL-28,LONG,9.78,M,9.78,0.0,0.02,LINEA CORTE,linea,4DA39,549022.729,9074297.249,OK,
CL-29,LONG,12.26,M,12.26,0.0,0.02,LINEA CORTE,linea,4DA3A,549018.941,9074289.334,OK,
CL-30,LONG,13.28,M,13.28,-0.0,0.95,LINEA CORTE,linea,4DA3B,549012.23,9074277.472,OK,
CL-31,LONG,24.86,M,24.86,0.0,0.05,LINEA CORTE,linea,4DA3C,549002.953,9074255.762,OK,
CL-32,LONG,29.9,M,29.9,0.0,0.0,LINEA CORTE,linea,4DA3E,549047.531,9074325.308,OK,
CL-33,LONG,31.0,M,31.0,-0.0,0.04,LINEA CORTE,polilinea,4DA40,549043.867,9074342.315,OK,
CL-34,LONG,10.64,M,10.64,0.0,0.01,LINEA CORTE,linea,4DA5C,549083.004,9074429.444,OK,
CL-35,LONG,29.96,M,29.94,-0.02,0.0,LINEA CORTE,linea,4DA41,549094.94,9074439.647,OK,
CL-36,LONG,21.1,M,21.11,0.01,0.0,LINEA CORTE,linea,4DA77,549117.466,9074440.937,OK,
CL-37,LONG,6.05,M,39.79,33.74,0.18,LINEA CORTE,polilinea,4DADC,549116.928,9074412.166,REVISAR VALOR,Entidad compartida con otra etiqueta
CL-38,LONG,13.85,M,13.85,-0.0,0.0,LINEA CORTE,linea,4DA79,549093.677,9074401.347,OK,
CL-39,LONG,20.18,M,20.19,0.01,0.0,LINEA CORTE,linea,4DAAE,549083.058,9074376.871,OK,
CL-40,LONG,10.48,M,10.48,0.0,0.0,LINEA CORTE,linea,4DAAF,549069.83,9074338.483,OK,
CL-41,LONG,6.36,M,6.36,0.0,0.0,LINEA CORTE,linea,4DAB0,549062.266,9074318.124,OK,
CL-42,LONG,8.87,M,8.87,0.0,0.0,LINEA CORTE,linea,4DAB1,549056.846,9074302.649,OK,
CL-43,LONG,39.79,M,39.79,-0.0,0.0,LINEA CORTE,polilinea,4DADC,549117.772,9074413.213,OK,
CL-44,LONG,39.55,M,39.55,-0.0,0.05,LINEA CORTE,linea,4DAE3,549091.683,9074358.521,OK,
CL-45,LONG,56.37,M,56.47,0.1,0.0,LINEA CORTE,linea,4DAFE,549166.822,9074419.417,OK,
CL-46,LONG,23.33,M,23.33,0.0,0.0,LINEA CORTE,linea,4DB37,549133.808,9074446.389,OK,
CL-47,LONG,2.39,M,2.39,0.0,0.0,LINEA CORTE,linea,4DB38,549149.805,9074440.654,OK,
CL-48,LONG,3.22,M,3.22,0.0,0.0,LINEA CORTE,linea,4DB39,549157.157,9074438.019,OK,
CL-49,LONG,9.95,M,9.95,0.0,0.0,LINEA CORTE,linea,4DBC8,549171.153,9074433.112,OK,
CL-50,LONG,6.58,M,6.59,0.01,0.0,LINEA CORTE,linea,4DBC9,549178.06,9074430.745,OK,
CL-51,LONG,10.83,M,10.83,-0.0,0.09,LINEA CORTE,polilinea,4DBE6,549190.979,9074426.218,OK,
CL-52,LONG,65.75,M,67.7,1.95,0.0,LINEA CORTE,polilinea,4DBE8,549147.091,9074381.371,REVISAR VALOR,
CL-53,LONG,50.37,M,50.37,0.0,0.0,LINEA CORTE,linea,4DBEF,549204.922,9074360.831,OK,
CL-54,LONG,92.64,M,92.42,-0.22,0.04,LINEA CORTE,polilinea,4DBEA,549159.166,9074361.76,OK,
CL-55,LONG,26.0,M,25.72,-0.28,0.0,LINEA CORTE,polilinea,4DC0A,549207.489,9074344.234,OK,
CL-56,LONG,89.93,M,89.93,-0.0,0.0,LINEA CORTE,linea,4DBEB,549145.873,9074324.367,OK,
CL-57,LONG,30.19,M,30.2,0.01,0.01,LINEA CORTE,polilinea,4DBEC,549202.529,9074449.274,OK,
CL-58,LONG,40.85,M,40.86,0.01,0.0,LINEA CORTE,polilinea,4DBED,549176.821,9074390.173,OK,
CL-59,LONG,87.78,M,87.78,-0.0,0.0,LINEA CORTE,polilinea,4DBEE,549205.841,9074418.524,OK,
CL-60,LONG,38.48,M,108.42,69.94,3.0,LINEA CORTE,linea,4DC26,549191.711,9074331.487,SIN GEOMETRIA CERCA,Entidad compartida con otra etiqueta
CL-61,LONG,108.41,M,108.42,0.01,0.0,LINEA CORTE,linea,4DC26,549182.859,9074303.646,OK,
MT-05,AREA,15.79,M2,15.79,0.0,0.0,Martillo a demoler,achurado,63770,549155.523,9074247.888,OK,
MT-06,AREA,14.89,M2,14.88,-0.01,0.0,Martillo a demoler,achurado,63789,549146.34,9074251.317,OK,
MT-07,AREA,4.21,M2,4.2,-0.01,0.0,Martillo a demoler,achurado,6362E,549065.9,9074287.284,OK,
DPV-02,AREA,4.2,M2,4.2,0.0,0.0,Pav. Existente a Demoler,achurado,63676,549141.31,9074251.866,OK,
DPV-01,AREA,2.67,M2,2.67,-0.0,0.75,Pav. Existente a Demoler,achurado,636AF,549159.078,9074244.671,OK,
DPV-03,AREA,0.98,M2,0.97,-0.01,0.0,Pav. Existente a Demoler,achurado,63726,549064.574,9074287.957,OK,
VD-107,AREA,5.49,M2,9.64,4.15,1.22,Vereda a demoler,poligono,635F7,549143.771,9074253.108,REVISAR VALOR,
VD-108,AREA,2.15,M2,3.87,1.72,2.04,Vereda a demoler,poligono,6361C,549068.383,9074285.919,SIN GEOMETRIA CERCA,
SAR D-01-02,LONG,1.75,M,9.73,7.98,1663.07,SARDINEL PP,polilinea,3FF0,549157.338,9074244.108,SIN GEOMETRIA CERCA,Entidad compartida con otra etiqueta
CL-63,LONG,4.8,M,5.83,1.03,0.0,LINEA CORTE,polilinea,6381E,549141.224,9074250.217,REVISAR VALOR,
CL-64,LONG,1.35,M,1.35,0.0,0.0,LINEA CORTE,linea,6383B,549141.22,9074253.517,OK,
CL-65,LONG,3.68,M,8.87,5.19,13.62,LINEA CORTE,linea,4DAB1,549064.654,9074287.26,SIN GEOMETRIA CERCA,Entidad compartida con otra etiqueta
CAN D-04,VOL,5.21,M3,,,,,,,549058.237,9074301.663,NO VERIFICABLE (falta espesor),
CAN D-01,VOL,13.68,M2,,,,,,,549096.287,9074487.706,NO VERIFICABLE (falta espesor),Volumen con unidad M2
CL-62,LONG,4.8,M,4.8,0.0,0.0,LINEA CORTE,polilinea,6380B,549157.183,9074243.023,OK,
SAR D-03-04,LONG,2.7,M,9.73,7.03,1675.85,SARDINEL PP,polilinea,3FF0,549141.31,9074251.866,SIN GEOMETRIA CERCA,Entidad compartida con otra etiqueta
SAR D-05-06,LONG,2.05,M,9.73,7.68,1733.94,SARDINEL PP,polilinea,3FF0,549068.383,9074285.919,SIN GEOMETRIA CERCA,Entidad compartida con otra etiqueta
CAN D-05,VOL,0.07,M3,,,,,,,549065.245,9074289.018,NO VERIFICABLE (falta espesor),
CAN D-02,VOL,0.99,M3,,,,,,,548992.048,9074251.328,NO VERIFICABLE (falta espesor),
CAN D-06,VOL,1.15,M3,,,,,,,549147.726,9074252.611,NO VERIFICABLE (falta espesor),
CAN D-07,VOL,1.13,M3,,,,,,,549155.627,9074250.102,NO VERIFICABLE (falta espesor),
CAN D-03,VOL,0.84,M3,,,,,,,548997.542,9074248.658,NO VERIFICABLE (falta espesor),
MT-08,AREA,23.55,M2,23.52,-0.03,0.0,Martillo a demoler,achurado,64216,549110.804,9074488.697,OK,
MT-09,AREA,22.38,M2,22.37,-0.01,0.0,Martillo a demoler,achurado,6419D,549096.296,9074493.668,OK,
